Workbook

Sheet Configuração
A1: Configuração dos critérios de classificação
A3: Critério | B3: Unidade | C3: Direção | D3: Peso | E3: Peso normalizado | F3: Observação
A4: Capacitância específica | B4: F/g | C4: Maior é melhor | D4: 20 | E4: =IFERROR(D4/SUM($D$4:$D$12),0) -> 0.2 | F4: Desempenho de armazenamento de carga
A5: Retenção de capacitância | B5: % | C5: Maior é melhor | D5: 15 | E5: =IFERROR(D5/SUM($D$4:$D$12),0) -> 0.15 | F5: Estabilidade ao longo da ciclagem
A6: Eficiência coulômbica | B6: % | C6: Maior é melhor | D6: 10 | E6: =IFERROR(D6/SUM($D$4:$D$12),0) -> 0.1 | F6: Reversibilidade carga/descarga
A7: Densidade de energia | B7: Wh/kg | C7: Maior é melhor | D7: 15 | E7: =IFERROR(D7/SUM($D$4:$D$12),0) -> 0.15 | F7: Energia específica do dispositivo
A8: Densidade de potência | B8: W/kg | C8: Maior é melhor | D8: 10 | E8: =IFERROR(D8/SUM($D$4:$D$12),0) -> 0.1 | F8: Capacidade de entrega rápida de energia
A9: Contribuição capacitiva | B9: % | C9: Maior é melhor | D9: 5 | E9: =IFERROR(D9/SUM($D$4:$D$12),0) -> 0.05 | F9: Cinética superficial pelo método de Dunn
A10: Resistência série (Rs) | B10: Ω | C10: Menor é melhor | D10: 10 | E10: =IFERROR(D10/SUM($D$4:$D$12),0) -> 0.1 | F10: Perdas ôhmicas do sistema
A11: Resistência de transferência/polarização | B11: Ω | C11: Menor é melhor | D11: 10 | E11: =IFERROR(D11/SUM($D$4:$D$12),0) -> 0.1 | F11: Cinética interfacial
A12: Área DRT de processos lentos | B12: Ω | C12: Menor é melhor | D12: 5 | E12: =IFERROR(D12/SUM($D$4:$D$12),0) -> 0.05 | F12: Soma das áreas dos picos DRT com τ ≥ 0,1 s (menor área, menor intensidade de processos lentos)
A14: Edite os nomes, unidades, direção e pesos conforme a Figura de Comparação Final. Os pesos podem estar em qualquer escala; a planilha os normaliza automaticamente para 100%.

Sheet Classificação
A1: Classificação automática dos eletrólitos
A3: Melhor eletrólito (score disponível) | C3: Maior score disponível | E3: Cobertura do vencedor
A4: =IF(COUNT($K$9:$K$17)=0,"Aguardando dados",INDEX($A$9:$A$17,MATCH(MAX($K$9:$K$17),$K$9:$K$17,0))) -> **NaCl 1M | C4: =IF(COUNT($K$9:$K$17)=0,"",MAX($K$9:$K$17)) -> 0.63400584 | E4: =IF(COUNT($K$9:$K$17)=0,"",INDEX($L$9:$L$17,MATCH(MAX($K$9:$K$17),$K$9:$K$17,0))) -> 1
A8: Eletrólito | B8: Capacitância específica [F/g] | C8: Retenção de capacitância [%] | D8: Eficiência coulômbica (1 A/g) [%] | E8: Densidade de energia [Wh/kg] | F8: Densidade de potência [W/kg] | G8: Contribuição capacitiva [%] | H8: Rs [Ω] | I8: Rct/Rp [Ω] | J8: Área DRT de processos lentos [Ω] | K8: Score disponível | L8: Cobertura | M8: Status de Protocolo | N8: Classificação
A9: ***H₂SO₄ 1 M | B9: 4.5 | C9: 127.95 | D9: 99.8434 | E9: 0.017 | F9: 2701.6 | G9: 100 | H9: 2.459 | I9: 4775.5275 | J9: 2654.0967 | K9: =IF((IF(COUNT(B9)=1,Configuração!$E$4,0) + IF(COUNT(C9)=1,Configuração!$E$5,0) + IF(COUNT(D9)=1,Configuração!$E$6,0) + IF(COUNT(E9)=1,Configuração!$E$7,0) + IF(COUNT(F9)=1,Configuração!$E$8,0) + IF(COUNT(G9)=1,Configuração!$E$9,0) + IF(COUNT(H9)=1,Configuração!$E$10,0) + IF(COUNT(I9)=1,Configuração!$E$11,0) + IF(COUNT(J9)=1,Configuração!$E$12,0))=0,"",(IF(COUNT(B9)=1,(IF(Configuração!$C$4="Maior é melhor",IF(MAX($B$9:$B$17)=MIN($B$9:$B$17),1,(B9-MIN($B$9:$B$17))/(MAX($B$9:$B$17)-MIN($B$9:$B$17))),IF(MAX($B$9:$B$17)=MIN($B$9:$B$17),1,(MAX($B$9:$B$17)-B9)/(MAX($B$9:$B$17)-MIN($B$9:$B$17)))))*Configuração!$E$4,0) + IF(COUNT(C9)=1,(IF(Configuração!$C$5="Maior é melhor",IF(MAX($C$9:$C$17)=MIN($C$9:$C$17),1,(C9-MIN($C$9:$C$17))/(MAX($C$9:$C$17)-MIN($C$9:$C$17))),IF(MAX($C$9:$C$17)=MIN($C$9:$C$17),1,(MAX($C$9:$C$17)-C9)/(MAX($C$9:$C$17)-MIN($C$9:$C$17)))))*Configuração!$E$5,0) + IF(COUNT(D9)=1,(IF(Configuração!$C$6="Maior é melhor",IF(MAX($D$9:$D$17)=MIN($D$9:$D$17),1,(D9-MIN($D$9:$D$17))/(MAX($D$9:$D$17)-MIN($D$9:$D$17))),IF(MAX($D$9:$D$17)=MIN($D$9:$D$17),1,(MAX($D$9:$D$17)-D9)/(MAX($D$9:$D$17)-MIN($D$9:$D$17)))))*Configuração!$E$6,0) + IF(COUNT(E9)=1,(IF(Configuração!$C$7="Maior é melhor",IF(MAX($E$9:$E$17)=MIN($E$9:$E$17),1,(E9-MIN($E$9:$E$17))/(MAX($E$9:$E$17)-MIN($E$9:$E$17))),IF(MAX($E$9:$E$17)=MIN($E$9:$E$17),1,(MAX($E$9:$E$17)-E9)/(MAX($E$9:$E$17)-MIN($E$9:$E$17)))))*Configuração!$E$7,0) + IF(COUNT(F9)=1,(IF(Configuração!$C$8="Maior é melhor",IF(MAX($F$9:$F$17)=MIN($F$9:$F$17),1,(F9-MIN($F$9:$F$17))/(MAX($F$9:$F$17)-MIN($F$9:$F$17))),IF(MAX($F$9:$F$17)=MIN($F$9:$F$17),1,(MAX($F$9:$F$17)-F9)/(MAX($F$9:$F$17)-MIN($F$9:$F$17)))))*Configuração!$E$8,0) + IF(COUNT(G9)=1,(IF(Configuração!$C$9="Maior é melhor",IF(MAX($G$9:$G$17)=MIN($G$9:$G$17),1,(G9-MIN($G$9:$G$17))/(MAX($G$9:$G$17)-MIN($G$9:$G$17))),IF(MAX($G$9:$G$17)=MIN($G$9:$G$17),1,(MAX($G$9:$G$17)-G9)/(MAX($G$9:$G$17)-MIN($G$9:$G$17)))))*Configuração!$E$9,0) + IF(COUNT(H9)=1,(IF(Configuração!$C$10="Maior é melhor",IF(MAX($H$9:$H$17)=MIN($H$9:$H$17),1,(H9-MIN($H$9:$H$17))/(MAX($H$9:$H$17)-MIN($H$9:$H$17))),IF(MAX($H$9:$H$17)=MIN($H$9:$H$17),1,(MAX($H$9:$H$17)-H9)/(MAX($H$9:$H$17)-MIN($H$9:$H$17)))))*Configuração!$E$10,0) + IF(COUNT(I9)=1,(IF(Configuração!$C$11="Maior é melhor",IF(MAX($I$9:$I$17)=MIN($I$9:$I$17),1,(I9-MIN($I$9:$I$17))/(MAX($I$9:$I$17)-MIN($I$9:$I$17))),IF(MAX($I$9:$I$17)=MIN($I$9:$I$17),1,(MAX($I$9:$I$17)-I9)/(MAX($I$9:$I$17)-MIN($I$9:$I$17)))))*Configuração!$E$11,0) + IF(COUNT(J9)=1,(IF(Configuração!$C$12="Maior é melhor",IF(MAX($J$9:$J$17)=MIN($J$9:$J$17),1,(J9-MIN($J$9:$J$17))/(MAX($J$9:$J$17)-MIN($J$9:$J$17))),IF(MAX($J$9:$J$17)=MIN($J$9:$J$17),1,(MAX($J$9:$J$17)-J9)/(MAX($J$9:$J$17)-MIN($J$9:$J$17)))))*Configuração!$E$12,0))/(IF(COUNT(B9)=1,Configuração!$E$4,0) + IF(COUNT(C9)=1,Configuração!$E$5,0) + IF(COUNT(D9)=1,Configuração!$E$6,0) + IF(COUNT(E9)=1,Configuração!$E$7,0) + IF(COUNT(F9)=1,Configuração!$E$8,0) + IF(COUNT(G9)=1,Configuração!$E$9,0) + IF(COUNT(H9)=1,Configuração!$E$10,0) + IF(COUNT(I9)=1,Configuração!$E$11,0) + IF(COUNT(J9)=1,Configuração!$E$12,0))) -> 0.36585323 | L9: 1 | M9: Completo | N9: =IF(K9="","",1+IF(K10>K9,1,0)+IF(K11>K9,1,0)+IF(K12>K9,1,0)+IF(K13>K9,1,0)+IF(K14>K9,1,0)+IF(K15>K9,1,0)+IF(K16>K9,1,0)+IF(K17>K9,1,0)) -> 8
A10: **NaOH 1 M | B10: 17.425 | C10: N/D | D10: 98.08 | E10: 0.0547 | F10: 7574.7 | G10: 99 | H10: 0.069 | I10: 2609759.6 | J10: 6690 | K10: =IF((IF(COUNT(B10)=1,Configuração!$E$4,0) + IF(COUNT(C10)=1,Configuração!$E$5,0) + IF(COUNT(D10)=1,Configuração!$E$6,0) + IF(COUNT(E10)=1,Configuração!$E$7,0) + IF(COUNT(F10)=1,Configuração!$E$8,0) + IF(COUNT(G10)=1,Configuração!$E$9,0) + IF(COUNT(H10)=1,Configuração!$E$10,0) + IF(COUNT(I10)=1,Configuração!$E$11,0) + IF(COUNT(J10)=1,Configuração!$E$12,0))=0,"",(IF(COUNT(B10)=1,(IF(Configuração!$C$4="Maior é melhor",IF(MAX($B$9:$B$17)=MIN($B$9:$B$17),1,(B10-MIN($B$9:$B$17))/(MAX($B$9:$B$17)-MIN($B$9:$B$17))),IF(MAX($B$9:$B$17)=MIN($B$9:$B$17),1,(MAX($B$9:$B$17)-B10)/(MAX($B$9:$B$17)-MIN($B$9:$B$17)))))*Configuração!$E$4,0) + IF(COUNT(C10)=1,(IF(Configuração!$C$5="Maior é melhor",IF(MAX($C$9:$C$17)=MIN($C$9:$C$17),1,(C10-MIN($C$9:$C$17))/(MAX($C$9:$C$17)-MIN($C$9:$C$17))),IF(MAX($C$9:$C$17)=MIN($C$9:$C$17),1,(MAX($C$9:$C$17)-C10)/(MAX($C$9:$C$17)-MIN($C$9:$C$17)))))*Configuração!$E$5,0) + IF(COUNT(D10)=1,(IF(Configuração!$C$6="Maior é melhor",IF(MAX($D$9:$D$17)=MIN($D$9:$D$17),1,(D10-MIN($D$9:$D$17))/(MAX($D$9:$D$17)-MIN($D$9:$D$17))),IF(MAX($D$9:$D$17)=MIN($D$9:$D$17),1,(MAX($D$9:$D$17)-D10)/(MAX($D$9:$D$17)-MIN($D$9:$D$17)))))*Configuração!$E$6,0) + IF(COUNT(E10)=1,(IF(Configuração!$C$7="Maior é melhor",IF(MAX($E$9:$E$17)=MIN($E$9:$E$17),1,(E10-MIN($E$9:$E$17))/(MAX($E$9:$E$17)-MIN($E$9:$E$17))),IF(MAX($E$9:$E$17)=MIN($E$9:$E$17),1,(MAX($E$9:$E$17)-E10)/(MAX($E$9:$E$17)-MIN($E$9:$E$17)))))*Configuração!$E$7,0) + IF(COUNT(F10)=1,(IF(Configuração!$C$8="Maior é melhor",IF(MAX($F$9:$F$17)=MIN($F$9:$F$17),1,(F10-MIN($F$9:$F$17))/(MAX($F$9:$F$17)-MIN($F$9:$F$17))),IF(MAX($F$9:$F$17)=MIN($F$9:$F$17),1,(MAX($F$9:$F$17)-F10)/(MAX($F$9:$F$17)-MIN($F$9:$F$17)))))*Configuração!$E$8,0) + IF(COUNT(G10)=1,(IF(Configuração!$C$9="Maior é melhor",IF(MAX($G$9:$G$17)=MIN($G$9:$G$17),1,(G10-MIN($G$9:$G$17))/(MAX($G$9:$G$17)-MIN($G$9:$G$17))),IF(MAX($G$9:$G$17)=MIN($G$9:$G$17),1,(MAX($G$9:$G$17)-G10)/(MAX($G$9:$G$17)-MIN($G$9:$G$17)))))*Configuração!$E$9,0) + IF(COUNT(H10)=1,(IF(Configuração!$C$10="Maior é melhor",IF(MAX($H$9:$H$17)=MIN($H$9:$H$17),1,(H10-MIN($H$9:$H$17))/(MAX($H$9:$H$17)-MIN($H$9:$H$17))),IF(MAX($H$9:$H$17)=MIN($H$9:$H$17),1,(MAX($H$9:$H$17)-H10)/(MAX($H$9:$H$17)-MIN($H$9:$H$17)))))*Configuração!$E$10,0) + IF(COUNT(I10)=1,(IF(Configuração!$C$11="Maior é melhor",IF(MAX($I$9:$I$17)=MIN($I$9:$I$17),1,(I10-MIN($I$9:$I$17))/(MAX($I$9:$I$17)-MIN($I$9:$I$17))),IF(MAX($I$9:$I$17)=MIN($I$9:$I$17),1,(MAX($I$9:$I$17)-I10)/(MAX($I$9:$I$17)-MIN($I$9:$I$17)))))*Configuração!$E$11,0) + IF(COUNT(J10)=1,(IF(Configuração!$C$12="Maior é melhor",IF(MAX($J$9:$J$17)=MIN($J$9:$J$17),1,(J10-MIN($J$9:$J$17))/(MAX($J$9:$J$17)-MIN($J$9:$J$17))),IF(MAX($J$9:$J$17)=MIN($J$9:$J$17),1,(MAX($J$9:$J$17)-J10)/(MAX($J$9:$J$17)-MIN($J$9:$J$17)))))*Configuração!$E$12,0))/(IF(COUNT(B10)=1,Configuração!$E$4,0) + IF(COUNT(C10)=1,Configuração!$E$5,0) + IF(COUNT(D10)=1,Configuração!$E$6,0) + IF(COUNT(E10)=1,Configuração!$E$7,0) + IF(COUNT(F10)=1,Configuração!$E$8,0) + IF(COUNT(G10)=1,Configuração!$E$9,0) + IF(COUNT(H10)=1,Configuração!$E$10,0) + IF(COUNT(I10)=1,Configuração!$E$11,0) + IF(COUNT(J10)=1,Configuração!$E$12,0))) -> 0.46663783 | L10: 0.889 | M10: Parcial | N10: =IF(K10="","",1+IF(K9>K10,1,0)+IF(K11>K10,1,0)+IF(K12>K10,1,0)+IF(K13>K10,1,0)+IF(K14>K10,1,0)+IF(K15>K10,1,0)+IF(K16>K10,1,0)+IF(K17>K10,1,0)) -> 5
A11: *Na₂SO₄ 1M | B11: 19 | C11: 61.6 | D11: 99.75 | E11: 0.263 | F11: 6343.3 | G11: 98 | H11: 2.305 | I11: 2663.489 | J11: 1000.24 | K11: =IF((IF(COUNT(B11)=1,Configuração!$E$4,0) + IF(COUNT(C11)=1,Configuração!$E$5,0) + IF(COUNT(D11)=1,Configuração!$E$6,0) + IF(COUNT(E11)=1,Configuração!$E$7,0) + IF(COUNT(F11)=1,Configuração!$E$8,0) + IF(COUNT(G11)=1,Configuração!$E$9,0) + IF(COUNT(H11)=1,Configuração!$E$10,0) + IF(COUNT(I11)=1,Configuração!$E$11,0) + IF(COUNT(J11)=1,Configuração!$E$12,0))=0,"",(IF(COUNT(B11)=1,(IF(Configuração!$C$4="Maior é melhor",IF(MAX($B$9:$B$17)=MIN($B$9:$B$17),1,(B11-MIN($B$9:$B$17))/(MAX($B$9:$B$17)-MIN($B$9:$B$17))),IF(MAX($B$9:$B$17)=MIN($B$9:$B$17),1,(MAX($B$9:$B$17)-B11)/(MAX($B$9:$B$17)-MIN($B$9:$B$17)))))*Configuração!$E$4,0) + IF(COUNT(C11)=1,(IF(Configuração!$C$5="Maior é melhor",IF(MAX($C$9:$C$17)=MIN($C$9:$C$17),1,(C11-MIN($C$9:$C$17))/(MAX($C$9:$C$17)-MIN($C$9:$C$17))),IF(MAX($C$9:$C$17)=MIN($C$9:$C$17),1,(MAX($C$9:$C$17)-C11)/(MAX($C$9:$C$17)-MIN($C$9:$C$17)))))*Configuração!$E$5,0) + IF(COUNT(D11)=1,(IF(Configuração!$C$6="Maior é melhor",IF(MAX($D$9:$D$17)=MIN($D$9:$D$17),1,(D11-MIN($D$9:$D$17))/(MAX($D$9:$D$17)-MIN($D$9:$D$17))),IF(MAX($D$9:$D$17)=MIN($D$9:$D$17),1,(MAX($D$9:$D$17)-D11)/(MAX($D$9:$D$17)-MIN($D$9:$D$17)))))*Configuração!$E$6,0) + IF(COUNT(E11)=1,(IF(Configuração!$C$7="Maior é melhor",IF(MAX($E$9:$E$17)=MIN($E$9:$E$17),1,(E11-MIN($E$9:$E$17))/(MAX($E$9:$E$17)-MIN($E$9:$E$17))),IF(MAX($E$9:$E$17)=MIN($E$9:$E$17),1,(MAX($E$9:$E$17)-E11)/(MAX($E$9:$E$17)-MIN($E$9:$E$17)))))*Configuração!$E$7,0) + IF(COUNT(F11)=1,(IF(Configuração!$C$8="Maior é melhor",IF(MAX($F$9:$F$17)=MIN($F$9:$F$17),1,(F11-MIN($F$9:$F$17))/(MAX($F$9:$F$17)-MIN($F$9:$F$17))),IF(MAX($F$9:$F$17)=MIN($F$9:$F$17),1,(MAX($F$9:$F$17)-F11)/(MAX($F$9:$F$17)-MIN($F$9:$F$17)))))*Configuração!$E$8,0) + IF(COUNT(G11)=1,(IF(Configuração!$C$9="Maior é melhor",IF(MAX($G$9:$G$17)=MIN($G$9:$G$17),1,(G11-MIN($G$9:$G$17))/(MAX($G$9:$G$17)-MIN($G$9:$G$17))),IF(MAX($G$9:$G$17)=MIN($G$9:$G$17),1,(MAX($G$9:$G$17)-G11)/(MAX($G$9:$G$17)-MIN($G$9:$G$17)))))*Configuração!$E$9,0) + IF(COUNT(H11)=1,(IF(Configuração!$C$10="Maior é melhor",IF(MAX($H$9:$H$17)=MIN($H$9:$H$17),1,(H11-MIN($H$9:$H$17))/(MAX($H$9:$H$17)-MIN($H$9:$H$17))),IF(MAX($H$9:$H$17)=MIN($H$9:$H$17),1,(MAX($H$9:$H$17)-H11)/(MAX($H$9:$H$17)-MIN($H$9:$H$17)))))*Configuração!$E$10,0) + IF(COUNT(I11)=1,(IF(Configuração!$C$11="Maior é melhor",IF(MAX($I$9:$I$17)=MIN($I$9:$I$17),1,(I11-MIN($I$9:$I$17))/(MAX($I$9:$I$17)-MIN($I$9:$I$17))),IF(MAX($I$9:$I$17)=MIN($I$9:$I$17),1,(MAX($I$9:$I$17)-I11)/(MAX($I$9:$I$17)-MIN($I$9:$I$17)))))*Configuração!$E$11,0) + IF(COUNT(J11)=1,(IF(Configuração!$C$12="Maior é melhor",IF(MAX($J$9:$J$17)=MIN($J$9:$J$17),1,(J11-MIN($J$9:$J$17))/(MAX($J$9:$J$17)-MIN($J$9:$J$17))),IF(MAX($J$9:$J$17)=MIN($J$9:$J$17),1,(MAX($J$9:$J$17)-J11)/(MAX($J$9:$J$17)-MIN($J$9:$J$17)))))*Configuração!$E$12,0))/(IF(COUNT(B11)=1,Configuração!$E$4,0) + IF(COUNT(C11)=1,Configuração!$E$5,0) + IF(COUNT(D11)=1,Configuração!$E$6,0) + IF(COUNT(E11)=1,Configuração!$E$7,0) + IF(COUNT(F11)=1,Configuração!$E$8,0) + IF(COUNT(G11)=1,Configuração!$E$9,0) + IF(COUNT(H11)=1,Configuração!$E$10,0) + IF(COUNT(I11)=1,Configuração!$E$11,0) + IF(COUNT(J11)=1,Configuração!$E$12,0))) -> 0.47409118 | L11: 1 | M11: Completo | N11: =IF(K11="","",1+IF(K9>K11,1,0)+IF(K10>K11,1,0)+IF(K12>K11,1,0)+IF(K13>K11,1,0)+IF(K14>K11,1,0)+IF(K15>K11,1,0)+IF(K16>K11,1,0)+IF(K17>K11,1,0)) -> 4
A12: **Li₂SO₄ 1M | B12: 7 | C12: 107 | D12: 99.05 | E12: 0.07235 | F12: 5357.45 | G12: 97 | H12: 4.6935 | I12: 20586.195 | J12: 20165.095 | K12: =IF((IF(COUNT(B12)=1,Configuração!$E$4,0) + IF(COUNT(C12)=1,Configuração!$E$5,0) + IF(COUNT(D12)=1,Configuração!$E$6,0) + IF(COUNT(E12)=1,Configuração!$E$7,0) + IF(COUNT(F12)=1,Configuração!$E$8,0) + IF(COUNT(G12)=1,Configuração!$E$9,0) + IF(COUNT(H12)=1,Configuração!$E$10,0) + IF(COUNT(I12)=1,Configuração!$E$11,0) + IF(COUNT(J12)=1,Configuração!$E$12,0))=0,"",(IF(COUNT(B12)=1,(IF(Configuração!$C$4="Maior é melhor",IF(MAX($B$9:$B$17)=MIN($B$9:$B$17),1,(B12-MIN($B$9:$B$17))/(MAX($B$9:$B$17)-MIN($B$9:$B$17))),IF(MAX($B$9:$B$17)=MIN($B$9:$B$17),1,(MAX($B$9:$B$17)-B12)/(MAX($B$9:$B$17)-MIN($B$9:$B$17)))))*Configuração!$E$4,0) + IF(COUNT(C12)=1,(IF(Configuração!$C$5="Maior é melhor",IF(MAX($C$9:$C$17)=MIN($C$9:$C$17),1,(C12-MIN($C$9:$C$17))/(MAX($C$9:$C$17)-MIN($C$9:$C$17))),IF(MAX($C$9:$C$17)=MIN($C$9:$C$17),1,(MAX($C$9:$C$17)-C12)/(MAX($C$9:$C$17)-MIN($C$9:$C$17)))))*Configuração!$E$5,0) + IF(COUNT(D12)=1,(IF(Configuração!$C$6="Maior é melhor",IF(MAX($D$9:$D$17)=MIN($D$9:$D$17),1,(D12-MIN($D$9:$D$17))/(MAX($D$9:$D$17)-MIN($D$9:$D$17))),IF(MAX($D$9:$D$17)=MIN($D$9:$D$17),1,(MAX($D$9:$D$17)-D12)/(MAX($D$9:$D$17)-MIN($D$9:$D$17)))))*Configuração!$E$6,0) + IF(COUNT(E12)=1,(IF(Configuração!$C$7="Maior é melhor",IF(MAX($E$9:$E$17)=MIN($E$9:$E$17),1,(E12-MIN($E$9:$E$17))/(MAX($E$9:$E$17)-MIN($E$9:$E$17))),IF(MAX($E$9:$E$17)=MIN($E$9:$E$17),1,(MAX($E$9:$E$17)-E12)/(MAX($E$9:$E$17)-MIN($E$9:$E$17)))))*Configuração!$E$7,0) + IF(COUNT(F12)=1,(IF(Configuração!$C$8="Maior é melhor",IF(MAX($F$9:$F$17)=MIN($F$9:$F$17),1,(F12-MIN($F$9:$F$17))/(MAX($F$9:$F$17)-MIN($F$9:$F$17))),IF(MAX($F$9:$F$17)=MIN($F$9:$F$17),1,(MAX($F$9:$F$17)-F12)/(MAX($F$9:$F$17)-MIN($F$9:$F$17)))))*Configuração!$E$8,0) + IF(COUNT(G12)=1,(IF(Configuração!$C$9="Maior é melhor",IF(MAX($G$9:$G$17)=MIN($G$9:$G$17),1,(G12-MIN($G$9:$G$17))/(MAX($G$9:$G$17)-MIN($G$9:$G$17))),IF(MAX($G$9:$G$17)=MIN($G$9:$G$17),1,(MAX($G$9:$G$17)-G12)/(MAX($G$9:$G$17)-MIN($G$9:$G$17)))))*Configuração!$E$9,0) + IF(COUNT(H12)=1,(IF(Configuração!$C$10="Maior é melhor",IF(MAX($H$9:$H$17)=MIN($H$9:$H$17),1,(H12-MIN($H$9:$H$17))/(MAX($H$9:$H$17)-MIN($H$9:$H$17))),IF(MAX($H$9:$H$17)=MIN($H$9:$H$17),1,(MAX($H$9:$H$17)-H12)/(MAX($H$9:$H$17)-MIN($H$9:$H$17)))))*Configuração!$E$10,0) + IF(COUNT(I12)=1,(IF(Configuração!$C$11="Maior é melhor",IF(MAX($I$9:$I$17)=MIN($I$9:$I$17),1,(I12-MIN($I$9:$I$17))/(MAX($I$9:$I$17)-MIN($I$9:$I$17))),IF(MAX($I$9:$I$17)=MIN($I$9:$I$17),1,(MAX($I$9:$I$17)-I12)/(MAX($I$9:$I$17)-MIN($I$9:$I$17)))))*Configuração!$E$11,0) + IF(COUNT(J12)=1,(IF(Configuração!$C$12="Maior é melhor",IF(MAX($J$9:$J$17)=MIN($J$9:$J$17),1,(J12-MIN($J$9:$J$17))/(MAX($J$9:$J$17)-MIN($J$9:$J$17))),IF(MAX($J$9:$J$17)=MIN($J$9:$J$17),1,(MAX($J$9:$J$17)-J12)/(MAX($J$9:$J$17)-MIN($J$9:$J$17)))))*Configuração!$E$12,0))/(IF(COUNT(B12)=1,Configuração!$E$4,0) + IF(COUNT(C12)=1,Configuração!$E$5,0) + IF(COUNT(D12)=1,Configuração!$E$6,0) + IF(COUNT(E12)=1,Configuração!$E$7,0) + IF(COUNT(F12)=1,Configuração!$E$8,0) + IF(COUNT(G12)=1,Configuração!$E$9,0) + IF(COUNT(H12)=1,Configuração!$E$10,0) + IF(COUNT(I12)=1,Configuração!$E$11,0) + IF(COUNT(J12)=1,Configuração!$E$12,0))) -> 0.31485677 | L12: 1 | M12: Completo | N12: =IF(K12="","",1+IF(K9>K12,1,0)+IF(K10>K12,1,0)+IF(K11>K12,1,0)+IF(K13>K12,1,0)+IF(K14>K12,1,0)+IF(K15>K12,1,0)+IF(K16>K12,1,0)+IF(K17>K12,1,0)) -> 9
A13: ***LiCl Wis | B13: 30 | C13: 109.4 | D13: 90.55 | E13: 2.6167 | F13: 988.4 | G13: 82 | H13: 5.093 | I13: 84.0084 | J13: 139.25367 | K13: =IF((IF(COUNT(B13)=1,Configuração!$E$4,0) + IF(COUNT(C13)=1,Configuração!$E$5,0) + IF(COUNT(D13)=1,Configuração!$E$6,0) + IF(COUNT(E13)=1,Configuração!$E$7,0) + IF(COUNT(F13)=1,Configuração!$E$8,0) + IF(COUNT(G13)=1,Configuração!$E$9,0) + IF(COUNT(H13)=1,Configuração!$E$10,0) + IF(COUNT(I13)=1,Configuração!$E$11,0) + IF(COUNT(J13)=1,Configuração!$E$12,0))=0,"",(IF(COUNT(B13)=1,(IF(Configuração!$C$4="Maior é melhor",IF(MAX($B$9:$B$17)=MIN($B$9:$B$17),1,(B13-MIN($B$9:$B$17))/(MAX($B$9:$B$17)-MIN($B$9:$B$17))),IF(MAX($B$9:$B$17)=MIN($B$9:$B$17),1,(MAX($B$9:$B$17)-B13)/(MAX($B$9:$B$17)-MIN($B$9:$B$17)))))*Configuração!$E$4,0) + IF(COUNT(C13)=1,(IF(Configuração!$C$5="Maior é melhor",IF(MAX($C$9:$C$17)=MIN($C$9:$C$17),1,(C13-MIN($C$9:$C$17))/(MAX($C$9:$C$17)-MIN($C$9:$C$17))),IF(MAX($C$9:$C$17)=MIN($C$9:$C$17),1,(MAX($C$9:$C$17)-C13)/(MAX($C$9:$C$17)-MIN($C$9:$C$17)))))*Configuração!$E$5,0) + IF(COUNT(D13)=1,(IF(Configuração!$C$6="Maior é melhor",IF(MAX($D$9:$D$17)=MIN($D$9:$D$17),1,(D13-MIN($D$9:$D$17))/(MAX($D$9:$D$17)-MIN($D$9:$D$17))),IF(MAX($D$9:$D$17)=MIN($D$9:$D$17),1,(MAX($D$9:$D$17)-D13)/(MAX($D$9:$D$17)-MIN($D$9:$D$17)))))*Configuração!$E$6,0) + IF(COUNT(E13)=1,(IF(Configuração!$C$7="Maior é melhor",IF(MAX($E$9:$E$17)=MIN($E$9:$E$17),1,(E13-MIN($E$9:$E$17))/(MAX($E$9:$E$17)-MIN($E$9:$E$17))),IF(MAX($E$9:$E$17)=MIN($E$9:$E$17),1,(MAX($E$9:$E$17)-E13)/(MAX($E$9:$E$17)-MIN($E$9:$E$17)))))*Configuração!$E$7,0) + IF(COUNT(F13)=1,(IF(Configuração!$C$8="Maior é melhor",IF(MAX($F$9:$F$17)=MIN($F$9:$F$17),1,(F13-MIN($F$9:$F$17))/(MAX($F$9:$F$17)-MIN($F$9:$F$17))),IF(MAX($F$9:$F$17)=MIN($F$9:$F$17),1,(MAX($F$9:$F$17)-F13)/(MAX($F$9:$F$17)-MIN($F$9:$F$17)))))*Configuração!$E$8,0) + IF(COUNT(G13)=1,(IF(Configuração!$C$9="Maior é melhor",IF(MAX($G$9:$G$17)=MIN($G$9:$G$17),1,(G13-MIN($G$9:$G$17))/(MAX($G$9:$G$17)-MIN($G$9:$G$17))),IF(MAX($G$9:$G$17)=MIN($G$9:$G$17),1,(MAX($G$9:$G$17)-G13)/(MAX($G$9:$G$17)-MIN($G$9:$G$17)))))*Configuração!$E$9,0) + IF(COUNT(H13)=1,(IF(Configuração!$C$10="Maior é melhor",IF(MAX($H$9:$H$17)=MIN($H$9:$H$17),1,(H13-MIN($H$9:$H$17))/(MAX($H$9:$H$17)-MIN($H$9:$H$17))),IF(MAX($H$9:$H$17)=MIN($H$9:$H$17),1,(MAX($H$9:$H$17)-H13)/(MAX($H$9:$H$17)-MIN($H$9:$H$17)))))*Configuração!$E$10,0) + IF(COUNT(I13)=1,(IF(Configuração!$C$11="Maior é melhor",IF(MAX($I$9:$I$17)=MIN($I$9:$I$17),1,(I13-MIN($I$9:$I$17))/(MAX($I$9:$I$17)-MIN($I$9:$I$17))),IF(MAX($I$9:$I$17)=MIN($I$9:$I$17),1,(MAX($I$9:$I$17)-I13)/(MAX($I$9:$I$17)-MIN($I$9:$I$17)))))*Configuração!$E$11,0) + IF(COUNT(J13)=1,(IF(Configuração!$C$12="Maior é melhor",IF(MAX($J$9:$J$17)=MIN($J$9:$J$17),1,(J13-MIN($J$9:$J$17))/(MAX($J$9:$J$17)-MIN($J$9:$J$17))),IF(MAX($J$9:$J$17)=MIN($J$9:$J$17),1,(MAX($J$9:$J$17)-J13)/(MAX($J$9:$J$17)-MIN($J$9:$J$17)))))*Configuração!$E$12,0))/(IF(COUNT(B13)=1,Configuração!$E$4,0) + IF(COUNT(C13)=1,Configuração!$E$5,0) + IF(COUNT(D13)=1,Configuração!$E$6,0) + IF(COUNT(E13)=1,Configuração!$E$7,0) + IF(COUNT(F13)=1,Configuração!$E$8,0) + IF(COUNT(G13)=1,Configuração!$E$9,0) + IF(COUNT(H13)=1,Configuração!$E$10,0) + IF(COUNT(I13)=1,Configuração!$E$11,0) + IF(COUNT(J13)=1,Configuração!$E$12,0))) -> 0.49569513 | L13: 1 | M13: Completo | N13: =IF(K13="","",1+IF(K9>K13,1,0)+IF(K10>K13,1,0)+IF(K11>K13,1,0)+IF(K12>K13,1,0)+IF(K14>K13,1,0)+IF(K15>K13,1,0)+IF(K16>K13,1,0)+IF(K17>K13,1,0)) -> 3
A14: **LiOH 1M | B14: 17.435 | C14: 304.7 | D14: 97.84 | E14: 0.0471 | F14: 7226.4 | G14: 99 | H14: 1.358 | I14: 1980.325 | J14: 444.912 | K14: =IF((IF(COUNT(B14)=1,Configuração!$E$4,0) + IF(COUNT(C14)=1,Configuração!$E$5,0) + IF(COUNT(D14)=1,Configuração!$E$6,0) + IF(COUNT(E14)=1,Configuração!$E$7,0) + IF(COUNT(F14)=1,Configuração!$E$8,0) + IF(COUNT(G14)=1,Configuração!$E$9,0) + IF(COUNT(H14)=1,Configuração!$E$10,0) + IF(COUNT(I14)=1,Configuração!$E$11,0) + IF(COUNT(J14)=1,Configuração!$E$12,0))=0,"",(IF(COUNT(B14)=1,(IF(Configuração!$C$4="Maior é melhor",IF(MAX($B$9:$B$17)=MIN($B$9:$B$17),1,(B14-MIN($B$9:$B$17))/(MAX($B$9:$B$17)-MIN($B$9:$B$17))),IF(MAX($B$9:$B$17)=MIN($B$9:$B$17),1,(MAX($B$9:$B$17)-B14)/(MAX($B$9:$B$17)-MIN($B$9:$B$17)))))*Configuração!$E$4,0) + IF(COUNT(C14)=1,(IF(Configuração!$C$5="Maior é melhor",IF(MAX($C$9:$C$17)=MIN($C$9:$C$17),1,(C14-MIN($C$9:$C$17))/(MAX($C$9:$C$17)-MIN($C$9:$C$17))),IF(MAX($C$9:$C$17)=MIN($C$9:$C$17),1,(MAX($C$9:$C$17)-C14)/(MAX($C$9:$C$17)-MIN($C$9:$C$17)))))*Configuração!$E$5,0) + IF(COUNT(D14)=1,(IF(Configuração!$C$6="Maior é melhor",IF(MAX($D$9:$D$17)=MIN($D$9:$D$17),1,(D14-MIN($D$9:$D$17))/(MAX($D$9:$D$17)-MIN($D$9:$D$17))),IF(MAX($D$9:$D$17)=MIN($D$9:$D$17),1,(MAX($D$9:$D$17)-D14)/(MAX($D$9:$D$17)-MIN($D$9:$D$17)))))*Configuração!$E$6,0) + IF(COUNT(E14)=1,(IF(Configuração!$C$7="Maior é melhor",IF(MAX($E$9:$E$17)=MIN($E$9:$E$17),1,(E14-MIN($E$9:$E$17))/(MAX($E$9:$E$17)-MIN($E$9:$E$17))),IF(MAX($E$9:$E$17)=MIN($E$9:$E$17),1,(MAX($E$9:$E$17)-E14)/(MAX($E$9:$E$17)-MIN($E$9:$E$17)))))*Configuração!$E$7,0) + IF(COUNT(F14)=1,(IF(Configuração!$C$8="Maior é melhor",IF(MAX($F$9:$F$17)=MIN($F$9:$F$17),1,(F14-MIN($F$9:$F$17))/(MAX($F$9:$F$17)-MIN($F$9:$F$17))),IF(MAX($F$9:$F$17)=MIN($F$9:$F$17),1,(MAX($F$9:$F$17)-F14)/(MAX($F$9:$F$17)-MIN($F$9:$F$17)))))*Configuração!$E$8,0) + IF(COUNT(G14)=1,(IF(Configuração!$C$9="Maior é melhor",IF(MAX($G$9:$G$17)=MIN($G$9:$G$17),1,(G14-MIN($G$9:$G$17))/(MAX($G$9:$G$17)-MIN($G$9:$G$17))),IF(MAX($G$9:$G$17)=MIN($G$9:$G$17),1,(MAX($G$9:$G$17)-G14)/(MAX($G$9:$G$17)-MIN($G$9:$G$17)))))*Configuração!$E$9,0) + IF(COUNT(H14)=1,(IF(Configuração!$C$10="Maior é melhor",IF(MAX($H$9:$H$17)=MIN($H$9:$H$17),1,(H14-MIN($H$9:$H$17))/(MAX($H$9:$H$17)-MIN($H$9:$H$17))),IF(MAX($H$9:$H$17)=MIN($H$9:$H$17),1,(MAX($H$9:$H$17)-H14)/(MAX($H$9:$H$17)-MIN($H$9:$H$17)))))*Configuração!$E$10,0) + IF(COUNT(I14)=1,(IF(Configuração!$C$11="Maior é melhor",IF(MAX($I$9:$I$17)=MIN($I$9:$I$17),1,(I14-MIN($I$9:$I$17))/(MAX($I$9:$I$17)-MIN($I$9:$I$17))),IF(MAX($I$9:$I$17)=MIN($I$9:$I$17),1,(MAX($I$9:$I$17)-I14)/(MAX($I$9:$I$17)-MIN($I$9:$I$17)))))*Configuração!$E$11,0) + IF(COUNT(J14)=1,(IF(Configuração!$C$12="Maior é melhor",IF(MAX($J$9:$J$17)=MIN($J$9:$J$17),1,(J14-MIN($J$9:$J$17))/(MAX($J$9:$J$17)-MIN($J$9:$J$17))),IF(MAX($J$9:$J$17)=MIN($J$9:$J$17),1,(MAX($J$9:$J$17)-J14)/(MAX($J$9:$J$17)-MIN($J$9:$J$17)))))*Configuração!$E$12,0))/(IF(COUNT(B14)=1,Configuração!$E$4,0) + IF(COUNT(C14)=1,Configuração!$E$5,0) + IF(COUNT(D14)=1,Configuração!$E$6,0) + IF(COUNT(E14)=1,Configuração!$E$7,0) + IF(COUNT(F14)=1,Configuração!$E$8,0) + IF(COUNT(G14)=1,Configuração!$E$9,0) + IF(COUNT(H14)=1,Configuração!$E$10,0) + IF(COUNT(I14)=1,Configuração!$E$11,0) + IF(COUNT(J14)=1,Configuração!$E$12,0))) -> 0.62591242 | L14: 1 | M14: Completo | N14: =IF(K14="","",1+IF(K9>K14,1,0)+IF(K10>K14,1,0)+IF(K11>K14,1,0)+IF(K12>K14,1,0)+IF(K13>K14,1,0)+IF(K15>K14,1,0)+IF(K16>K14,1,0)+IF(K17>K14,1,0)) -> 2
A15: *KCl 1M | B15: 18 | C15: N/D | D15: 99.86 | E15: 0.695 | F15: 1797 | G15: 95 | H15: 6.162 | I15: 12528.971 | J15: 8648.28 | K15: =IF((IF(COUNT(B15)=1,Configuração!$E$4,0) + IF(COUNT(C15)=1,Configuração!$E$5,0) + IF(COUNT(D15)=1,Configuração!$E$6,0) + IF(COUNT(E15)=1,Configuração!$E$7,0) + IF(COUNT(F15)=1,Configuração!$E$8,0) + IF(COUNT(G15)=1,Configuração!$E$9,0) + IF(COUNT(H15)=1,Configuração!$E$10,0) + IF(COUNT(I15)=1,Configuração!$E$11,0) + IF(COUNT(J15)=1,Configuração!$E$12,0))=0,"",(IF(COUNT(B15)=1,(IF(Configuração!$C$4="Maior é melhor",IF(MAX($B$9:$B$17)=MIN($B$9:$B$17),1,(B15-MIN($B$9:$B$17))/(MAX($B$9:$B$17)-MIN($B$9:$B$17))),IF(MAX($B$9:$B$17)=MIN($B$9:$B$17),1,(MAX($B$9:$B$17)-B15)/(MAX($B$9:$B$17)-MIN($B$9:$B$17)))))*Configuração!$E$4,0) + IF(COUNT(C15)=1,(IF(Configuração!$C$5="Maior é melhor",IF(MAX($C$9:$C$17)=MIN($C$9:$C$17),1,(C15-MIN($C$9:$C$17))/(MAX($C$9:$C$17)-MIN($C$9:$C$17))),IF(MAX($C$9:$C$17)=MIN($C$9:$C$17),1,(MAX($C$9:$C$17)-C15)/(MAX($C$9:$C$17)-MIN($C$9:$C$17)))))*Configuração!$E$5,0) + IF(COUNT(D15)=1,(IF(Configuração!$C$6="Maior é melhor",IF(MAX($D$9:$D$17)=MIN($D$9:$D$17),1,(D15-MIN($D$9:$D$17))/(MAX($D$9:$D$17)-MIN($D$9:$D$17))),IF(MAX($D$9:$D$17)=MIN($D$9:$D$17),1,(MAX($D$9:$D$17)-D15)/(MAX($D$9:$D$17)-MIN($D$9:$D$17)))))*Configuração!$E$6,0) + IF(COUNT(E15)=1,(IF(Configuração!$C$7="Maior é melhor",IF(MAX($E$9:$E$17)=MIN($E$9:$E$17),1,(E15-MIN($E$9:$E$17))/(MAX($E$9:$E$17)-MIN($E$9:$E$17))),IF(MAX($E$9:$E$17)=MIN($E$9:$E$17),1,(MAX($E$9:$E$17)-E15)/(MAX($E$9:$E$17)-MIN($E$9:$E$17)))))*Configuração!$E$7,0) + IF(COUNT(F15)=1,(IF(Configuração!$C$8="Maior é melhor",IF(MAX($F$9:$F$17)=MIN($F$9:$F$17),1,(F15-MIN($F$9:$F$17))/(MAX($F$9:$F$17)-MIN($F$9:$F$17))),IF(MAX($F$9:$F$17)=MIN($F$9:$F$17),1,(MAX($F$9:$F$17)-F15)/(MAX($F$9:$F$17)-MIN($F$9:$F$17)))))*Configuração!$E$8,0) + IF(COUNT(G15)=1,(IF(Configuração!$C$9="Maior é melhor",IF(MAX($G$9:$G$17)=MIN($G$9:$G$17),1,(G15-MIN($G$9:$G$17))/(MAX($G$9:$G$17)-MIN($G$9:$G$17))),IF(MAX($G$9:$G$17)=MIN($G$9:$G$17),1,(MAX($G$9:$G$17)-G15)/(MAX($G$9:$G$17)-MIN($G$9:$G$17)))))*Configuração!$E$9,0) + IF(COUNT(H15)=1,(IF(Configuração!$C$10="Maior é melhor",IF(MAX($H$9:$H$17)=MIN($H$9:$H$17),1,(H15-MIN($H$9:$H$17))/(MAX($H$9:$H$17)-MIN($H$9:$H$17))),IF(MAX($H$9:$H$17)=MIN($H$9:$H$17),1,(MAX($H$9:$H$17)-H15)/(MAX($H$9:$H$17)-MIN($H$9:$H$17)))))*Configuração!$E$10,0) + IF(COUNT(I15)=1,(IF(Configuração!$C$11="Maior é melhor",IF(MAX($I$9:$I$17)=MIN($I$9:$I$17),1,(I15-MIN($I$9:$I$17))/(MAX($I$9:$I$17)-MIN($I$9:$I$17))),IF(MAX($I$9:$I$17)=MIN($I$9:$I$17),1,(MAX($I$9:$I$17)-I15)/(MAX($I$9:$I$17)-MIN($I$9:$I$17)))))*Configuração!$E$11,0) + IF(COUNT(J15)=1,(IF(Configuração!$C$12="Maior é melhor",IF(MAX($J$9:$J$17)=MIN($J$9:$J$17),1,(J15-MIN($J$9:$J$17))/(MAX($J$9:$J$17)-MIN($J$9:$J$17))),IF(MAX($J$9:$J$17)=MIN($J$9:$J$17),1,(MAX($J$9:$J$17)-J15)/(MAX($J$9:$J$17)-MIN($J$9:$J$17)))))*Configuração!$E$12,0))/(IF(COUNT(B15)=1,Configuração!$E$4,0) + IF(COUNT(C15)=1,Configuração!$E$5,0) + IF(COUNT(D15)=1,Configuração!$E$6,0) + IF(COUNT(E15)=1,Configuração!$E$7,0) + IF(COUNT(F15)=1,Configuração!$E$8,0) + IF(COUNT(G15)=1,Configuração!$E$9,0) + IF(COUNT(H15)=1,Configuração!$E$10,0) + IF(COUNT(I15)=1,Configuração!$E$11,0) + IF(COUNT(J15)=1,Configuração!$E$12,0))) -> 0.39840422 | L15: 0.889 | M15: Parcial | N15: =IF(K15="","",1+IF(K9>K15,1,0)+IF(K10>K15,1,0)+IF(K11>K15,1,0)+IF(K12>K15,1,0)+IF(K13>K15,1,0)+IF(K14>K15,1,0)+IF(K16>K15,1,0)+IF(K17>K15,1,0)) -> 6
A16: *KOH 1M | B16: 4 | C16: 65.6 | D16: 111.88 | E16: 0.052 | F16: 8081.4 | G16: 96 | H16: 0.418 | I16: 2857921.1 | J16: 2759.74 | K16: =IF((IF(COUNT(B16)=1,Configuração!$E$4,0) + IF(COUNT(C16)=1,Configuração!$E$5,0) + IF(COUNT(D16)=1,Configuração!$E$6,0) + IF(COUNT(E16)=1,Configuração!$E$7,0) + IF(COUNT(F16)=1,Configuração!$E$8,0) + IF(COUNT(G16)=1,Configuração!$E$9,0) + IF(COUNT(H16)=1,Configuração!$E$10,0) + IF(COUNT(I16)=1,Configuração!$E$11,0) + IF(COUNT(J16)=1,Configuração!$E$12,0))=0,"",(IF(COUNT(B16)=1,(IF(Configuração!$C$4="Maior é melhor",IF(MAX($B$9:$B$17)=MIN($B$9:$B$17),1,(B16-MIN($B$9:$B$17))/(MAX($B$9:$B$17)-MIN($B$9:$B$17))),IF(MAX($B$9:$B$17)=MIN($B$9:$B$17),1,(MAX($B$9:$B$17)-B16)/(MAX($B$9:$B$17)-MIN($B$9:$B$17)))))*Configuração!$E$4,0) + IF(COUNT(C16)=1,(IF(Configuração!$C$5="Maior é melhor",IF(MAX($C$9:$C$17)=MIN($C$9:$C$17),1,(C16-MIN($C$9:$C$17))/(MAX($C$9:$C$17)-MIN($C$9:$C$17))),IF(MAX($C$9:$C$17)=MIN($C$9:$C$17),1,(MAX($C$9:$C$17)-C16)/(MAX($C$9:$C$17)-MIN($C$9:$C$17)))))*Configuração!$E$5,0) + IF(COUNT(D16)=1,(IF(Configuração!$C$6="Maior é melhor",IF(MAX($D$9:$D$17)=MIN($D$9:$D$17),1,(D16-MIN($D$9:$D$17))/(MAX($D$9:$D$17)-MIN($D$9:$D$17))),IF(MAX($D$9:$D$17)=MIN($D$9:$D$17),1,(MAX($D$9:$D$17)-D16)/(MAX($D$9:$D$17)-MIN($D$9:$D$17)))))*Configuração!$E$6,0) + IF(COUNT(E16)=1,(IF(Configuração!$C$7="Maior é melhor",IF(MAX($E$9:$E$17)=MIN($E$9:$E$17),1,(E16-MIN($E$9:$E$17))/(MAX($E$9:$E$17)-MIN($E$9:$E$17))),IF(MAX($E$9:$E$17)=MIN($E$9:$E$17),1,(MAX($E$9:$E$17)-E16)/(MAX($E$9:$E$17)-MIN($E$9:$E$17)))))*Configuração!$E$7,0) + IF(COUNT(F16)=1,(IF(Configuração!$C$8="Maior é melhor",IF(MAX($F$9:$F$17)=MIN($F$9:$F$17),1,(F16-MIN($F$9:$F$17))/(MAX($F$9:$F$17)-MIN($F$9:$F$17))),IF(MAX($F$9:$F$17)=MIN($F$9:$F$17),1,(MAX($F$9:$F$17)-F16)/(MAX($F$9:$F$17)-MIN($F$9:$F$17)))))*Configuração!$E$8,0) + IF(COUNT(G16)=1,(IF(Configuração!$C$9="Maior é melhor",IF(MAX($G$9:$G$17)=MIN($G$9:$G$17),1,(G16-MIN($G$9:$G$17))/(MAX($G$9:$G$17)-MIN($G$9:$G$17))),IF(MAX($G$9:$G$17)=MIN($G$9:$G$17),1,(MAX($G$9:$G$17)-G16)/(MAX($G$9:$G$17)-MIN($G$9:$G$17)))))*Configuração!$E$9,0) + IF(COUNT(H16)=1,(IF(Configuração!$C$10="Maior é melhor",IF(MAX($H$9:$H$17)=MIN($H$9:$H$17),1,(H16-MIN($H$9:$H$17))/(MAX($H$9:$H$17)-MIN($H$9:$H$17))),IF(MAX($H$9:$H$17)=MIN($H$9:$H$17),1,(MAX($H$9:$H$17)-H16)/(MAX($H$9:$H$17)-MIN($H$9:$H$17)))))*Configuração!$E$10,0) + IF(COUNT(I16)=1,(IF(Configuração!$C$11="Maior é melhor",IF(MAX($I$9:$I$17)=MIN($I$9:$I$17),1,(I16-MIN($I$9:$I$17))/(MAX($I$9:$I$17)-MIN($I$9:$I$17))),IF(MAX($I$9:$I$17)=MIN($I$9:$I$17),1,(MAX($I$9:$I$17)-I16)/(MAX($I$9:$I$17)-MIN($I$9:$I$17)))))*Configuração!$E$11,0) + IF(COUNT(J16)=1,(IF(Configuração!$C$12="Maior é melhor",IF(MAX($J$9:$J$17)=MIN($J$9:$J$17),1,(J16-MIN($J$9:$J$17))/(MAX($J$9:$J$17)-MIN($J$9:$J$17))),IF(MAX($J$9:$J$17)=MIN($J$9:$J$17),1,(MAX($J$9:$J$17)-J16)/(MAX($J$9:$J$17)-MIN($J$9:$J$17)))))*Configuração!$E$12,0))/(IF(COUNT(B16)=1,Configuração!$E$4,0) + IF(COUNT(C16)=1,Configuração!$E$5,0) + IF(COUNT(D16)=1,Configuração!$E$6,0) + IF(COUNT(E16)=1,Configuração!$E$7,0) + IF(COUNT(F16)=1,Configuração!$E$8,0) + IF(COUNT(G16)=1,Configuração!$E$9,0) + IF(COUNT(H16)=1,Configuração!$E$10,0) + IF(COUNT(I16)=1,Configuração!$E$11,0) + IF(COUNT(J16)=1,Configuração!$E$12,0))) -> 0.38110583 | L16: 1 | M16: Completo | N16: =IF(K16="","",1+IF(K9>K16,1,0)+IF(K10>K16,1,0)+IF(K11>K16,1,0)+IF(K12>K16,1,0)+IF(K13>K16,1,0)+IF(K14>K16,1,0)+IF(K15>K16,1,0)+IF(K17>K16,1,0)) -> 7
A17: **NaCl 1M | B17: 38.98 | C17: 134.3 | D17: 99.16 | E17: 0.378 | F17: 5259.5 | G17: 97 | H17: 1.4855 | I17: 2080.61 | J17: 384.2795 | K17: =IF((IF(COUNT(B17)=1,Configuração!$E$4,0) + IF(COUNT(C17)=1,Configuração!$E$5,0) + IF(COUNT(D17)=1,Configuração!$E$6,0) + IF(COUNT(E17)=1,Configuração!$E$7,0) + IF(COUNT(F17)=1,Configuração!$E$8,0) + IF(COUNT(G17)=1,Configuração!$E$9,0) + IF(COUNT(H17)=1,Configuração!$E$10,0) + IF(COUNT(I17)=1,Configuração!$E$11,0) + IF(COUNT(J17)=1,Configuração!$E$12,0))=0,"",(IF(COUNT(B17)=1,(IF(Configuração!$C$4="Maior é melhor",IF(MAX($B$9:$B$17)=MIN($B$9:$B$17),1,(B17-MIN($B$9:$B$17))/(MAX($B$9:$B$17)-MIN($B$9:$B$17))),IF(MAX($B$9:$B$17)=MIN($B$9:$B$17),1,(MAX($B$9:$B$17)-B17)/(MAX($B$9:$B$17)-MIN($B$9:$B$17)))))*Configuração!$E$4,0) + IF(COUNT(C17)=1,(IF(Configuração!$C$5="Maior é melhor",IF(MAX($C$9:$C$17)=MIN($C$9:$C$17),1,(C17-MIN($C$9:$C$17))/(MAX($C$9:$C$17)-MIN($C$9:$C$17))),IF(MAX($C$9:$C$17)=MIN($C$9:$C$17),1,(MAX($C$9:$C$17)-C17)/(MAX($C$9:$C$17)-MIN($C$9:$C$17)))))*Configuração!$E$5,0) + IF(COUNT(D17)=1,(IF(Configuração!$C$6="Maior é melhor",IF(MAX($D$9:$D$17)=MIN($D$9:$D$17),1,(D17-MIN($D$9:$D$17))/(MAX($D$9:$D$17)-MIN($D$9:$D$17))),IF(MAX($D$9:$D$17)=MIN($D$9:$D$17),1,(MAX($D$9:$D$17)-D17)/(MAX($D$9:$D$17)-MIN($D$9:$D$17)))))*Configuração!$E$6,0) + IF(COUNT(E17)=1,(IF(Configuração!$C$7="Maior é melhor",IF(MAX($E$9:$E$17)=MIN($E$9:$E$17),1,(E17-MIN($E$9:$E$17))/(MAX($E$9:$E$17)-MIN($E$9:$E$17))),IF(MAX($E$9:$E$17)=MIN($E$9:$E$17),1,(MAX($E$9:$E$17)-E17)/(MAX($E$9:$E$17)-MIN($E$9:$E$17)))))*Configuração!$E$7,0) + IF(COUNT(F17)=1,(IF(Configuração!$C$8="Maior é melhor",IF(MAX($F$9:$F$17)=MIN($F$9:$F$17),1,(F17-MIN($F$9:$F$17))/(MAX($F$9:$F$17)-MIN($F$9:$F$17))),IF(MAX($F$9:$F$17)=MIN($F$9:$F$17),1,(MAX($F$9:$F$17)-F17)/(MAX($F$9:$F$17)-MIN($F$9:$F$17)))))*Configuração!$E$8,0) + IF(COUNT(G17)=1,(IF(Configuração!$C$9="Maior é melhor",IF(MAX($G$9:$G$17)=MIN($G$9:$G$17),1,(G17-MIN($G$9:$G$17))/(MAX($G$9:$G$17)-MIN($G$9:$G$17))),IF(MAX($G$9:$G$17)=MIN($G$9:$G$17),1,(MAX($G$9:$G$17)-G17)/(MAX($G$9:$G$17)-MIN($G$9:$G$17)))))*Configuração!$E$9,0) + IF(COUNT(H17)=1,(IF(Configuração!$C$10="Maior é melhor",IF(MAX($H$9:$H$17)=MIN($H$9:$H$17),1,(H17-MIN($H$9:$H$17))/(MAX($H$9:$H$17)-MIN($H$9:$H$17))),IF(MAX($H$9:$H$17)=MIN($H$9:$H$17),1,(MAX($H$9:$H$17)-H17)/(MAX($H$9:$H$17)-MIN($H$9:$H$17)))))*Configuração!$E$10,0) + IF(COUNT(I17)=1,(IF(Configuração!$C$11="Maior é melhor",IF(MAX($I$9:$I$17)=MIN($I$9:$I$17),1,(I17-MIN($I$9:$I$17))/(MAX($I$9:$I$17)-MIN($I$9:$I$17))),IF(MAX($I$9:$I$17)=MIN($I$9:$I$17),1,(MAX($I$9:$I$17)-I17)/(MAX($I$9:$I$17)-MIN($I$9:$I$17)))))*Configuração!$E$11,0) + IF(COUNT(J17)=1,(IF(Configuração!$C$12="Maior é melhor",IF(MAX($J$9:$J$17)=MIN($J$9:$J$17),1,(J17-MIN($J$9:$J$17))/(MAX($J$9:$J$17)-MIN($J$9:$J$17))),IF(MAX($J$9:$J$17)=MIN($J$9:$J$17),1,(MAX($J$9:$J$17)-J17)/(MAX($J$9:$J$17)-MIN($J$9:$J$17)))))*Configuração!$E$12,0))/(IF(COUNT(B17)=1,Configuração!$E$4,0) + IF(COUNT(C17)=1,Configuração!$E$5,0) + IF(COUNT(D17)=1,Configuração!$E$6,0) + IF(COUNT(E17)=1,Configuração!$E$7,0) + IF(COUNT(F17)=1,Configuração!$E$8,0) + IF(COUNT(G17)=1,Configuração!$E$9,0) + IF(COUNT(H17)=1,Configuração!$E$10,0) + IF(COUNT(I17)=1,Configuração!$E$11,0) + IF(COUNT(J17)=1,Configuração!$E$12,0))) -> 0.63400584 | L17: 1 | M17: Completo | N17: =IF(K17="","",1+IF(K9>K17,1,0)+IF(K10>K17,1,0)+IF(K11>K17,1,0)+IF(K12>K17,1,0)+IF(K13>K17,1,0)+IF(K14>K17,1,0)+IF(K15>K17,1,0)+IF(K16>K17,1,0)) -> 1
A21: Como usar: insira os resultados experimentais nas colunas B–J. Use N/D quando uma métrica não foi obtida (não use zero para dados ausentes). O Score disponível normaliza cada critério entre 0 e 1 e renormaliza os pesos apenas sobre as métricas realmente disponíveis. A Cobertura indica qual fração do peso total foi efetivamente medida. A área DRT corresponde à soma das áreas dos picos lentos com τ ≥ 0,1 s.

Sheet Instruções
A1: Guia de uso — classificação multicritério dos eletrólitos
A3: 1. Preenchimento dos dados
A4: Preencha apenas valores realmente medidos. Quando um protocolo não produzir determinada métrica, escreva N/D. Não substitua dados ausentes por zero.
A6: 2. Score disponível
A7: O Score disponível é uma média ponderada dos critérios normalizados, calculada somente com as métricas numéricas presentes naquela linha. Os pesos disponíveis são renormalizados automaticamente.
A9: 3. Cobertura
A10: A Cobertura representa a soma dos pesos das métricas disponíveis dividida pelo peso total. Ex.: 95% significa que apenas o critério DRT (peso 5%) ainda está ausente.
A12: 4. Área DRT de processos lentos
A13: Preencha com a soma das áreas dos picos DRT cujo tempo de relaxação seja τ ≥ 0,1 s. A unidade usada é Ω e a direção é 'Menor é melhor'. O mesmo limiar deve ser aplicado a todas as células.
A15: 5. Status do protocolo
A16: Registre se o ensaio foi Completo, Parcial ou interrompido por falha/overflow. O status não entra diretamente no score, mas deve ser considerado na interpretação científica do ranking.
